date,Generation,Summarization,Embedding
2020-01-01,8255,8081,8206
2020-01-02,8250,8133,8195
2020-01-03,8290,8100,8250
2020-01-04,8503,8341,8495
2020-01-05,8425,8338,8373
2020-01-06,8412,8312,8407
2020-01-07,8481,8340,8417
2020-01-08,8396,8340,8357
2020-01-09,8345,8250,8317
2020-01-10,8316,8254,8300
2020-01-11,8470,8352,8446
2020-01-12,8439,8302,8309
2020-01-13,8305,8125,8136
2020-01-14,8192,8092,8141
2020-01-15,8215,8080,8085
2020-01-16,8162,8061,8091
2020-01-17,8165,8059,8072
2020-01-18,8177,8075,8102
2020-01-19,8181,8021,8163
2020-01-20,8200,8117,8130
2020-01-21,8224,8065,8194
2020-01-22,8159,8090,8123
2020-01-23,8077,7972,7997
2020-01-24,7995,7893,7951
2020-01-25,8019,7930,7985
2020-01-26,8090,8024,8080
2020-01-27,8080,7950,8040
2020-01-28,8146,8020,8133
2020-01-29,8191,8018,8044
2020-01-30,8145,8035,8109
2020-01-31,8150,8050,8085
2020-02-01,8091,8013,8091
2020-02-02,8103,8013,8071
2020-02-03,8075,7997,8050
2020-02-04,8165,7997,8135
2020-02-05,8134,8004,8020
2020-02-06,8065,7985,8010
2020-02-07,8089,7995,8063
2020-02-08,8055,7971,8024
2020-02-09,8081,7978,7990
2020-02-10,8021,7954,7994
2020-02-11,8083,7951,7996
2020-02-12,8064,7990,8000
2020-02-13,8079,7986,8029
2020-02-14,8160,8025,8114
2020-02-15,8198,8080,8102
2020-02-16,8225,8103,8157
2020-02-17,8240,8145,8193
2020-02-18,8299,8147,8288
2020-02-19,8376,8264,8338
2020-02-20,8372,8261,8287
2020-02-21,8341,8282,8330
2020-02-22,8375,8299,8358
2020-02-23,8499,8358,8381
2020-02-24,8468,8335,8445
2020-02-25,8427,8293,8320
2020-02-26,8372,8299,8336
2020-02-27,8326,8258,8308
2020-02-28,8339,8229,8243
2020-02-29,8355,8220,8313
2020-03-01,8370,8283,8320
2020-03-02,8360,8229,8247
2020-03-03,8359,8265,8306
2020-03-04,8378,8280,8345
2020-03-05,8445,8332,8417
2020-03-06,8432,8336,8381
2020-03-07,8380,8244,8248
2020-03-08,8274,8200,8210
2020-03-09,8206,8075,8116
2020-03-10,8137,8063,8075
2020-03-11,8260,8112,8198
2020-03-12,8292,8140,8164
2020-03-13,8353,8170,8331
2020-03-14,8400,8126,8186
2020-03-15,8285,8164,8202
2020-03-16,8250,8138,8166
2020-03-17,8241,8110,8211
2020-03-18,8290,8160,8267
2020-03-19,8348,8271,8335
2020-03-20,8440,8270,8388
2020-03-21,8362,8198,8234
2020-03-22,8331,8210,8223
2020-03-23,8274,8200,8242
2020-03-24,8329,8245,8270
2020-03-25,8309,8240,8243
2020-03-26,8334,8270,8328
2020-03-27,8322,8230,8289
2020-03-28,8329,8240,8323
2020-03-29,8333,8260,8290
2020-03-30,8309,8245,8246
2020-03-31,8369,8230,8239
2020-04-01,8315,8180,8289
2020-04-02,8325,8207,8216
2020-04-03,8221,8102,8127
2020-04-04,8135,8003,8066
2020-04-05,8100,7951,8028
2020-04-06,8034,7940,8002
2020-04-07,8130,7964,7983
2020-04-08,8004,7906,7978
2020-04-09,8018,7965,8014
2020-04-10,8086,7970,8075
2020-04-11,8096,8015,8016
2020-04-12,8083,7961,7990
2020-04-13,8087,7981,8069
2020-04-14,8056,7915,7952
2020-04-15,8004,7901,7906
2020-04-16,7990,7850,7976
2020-04-17,8074,7912,7915
2020-04-18,7958,7675,7703
2020-04-19,7810,7705,7763
2020-04-20,7809,7701,7702
2020-04-21,7793,7682,7693
2020-04-22,7785,7693,7771
2020-04-23,7878,7695,7856
2020-04-24,7853,7757,7795
2020-04-25,7830,7734,7767
2020-04-26,7830,7725,7799
2020-04-27,7856,7798,7830
2020-04-28,7837,7700,7719
2020-04-29,7784,7694,7710
2020-04-30,7752,7680,7715
2020-05-01,7760,7632,7663
2020-05-02,7660,7606,7656
2020-05-03,7780,7656,7759
2020-05-04,7793,7679,7682
2020-05-05,7827,7727,7802
2020-05-06,7839,7752,7777
2020-05-07,7853,7757,7809
2020-05-08,7809,7612,7642
2020-05-09,7683,7587,7667
2020-05-10,7665,7544,7647
2020-05-11,7630,7482,7548
2020-05-12,7528,7383,7424
2020-05-13,7430,7337,7357
2020-05-14,7394,7320,7370
2020-05-15,7442,7273,7426
2020-05-16,7706,7600,7607
2020-05-17,7588,7520,7548
2020-05-18,7550,7450,7486
2020-05-19,7615,7492,7599
2020-05-20,7641,7531,7589
2020-05-21,7630,7536,7583
2020-05-22,7729,7575,7615
2020-05-23,7730,7626,7696
2020-05-24,7750,7615,7741
2020-05-25,7738,7575,7614
2020-05-26,7693,7620,7632
2020-05-27,7673,7490,7633
2020-05-28,7677,7532,7591
2020-05-29,7620,7528,7552
2020-05-30,7626,7511,7533
2020-05-31,7628,7539,7539
2020-06-01,7608,7505,7574
2020-06-02,7578,7520,7548
2020-06-03,7749,7560,7668
2020-06-04,7714,7631,7708
2020-06-05,7928,7735,7909
2020-06-06,7956,7853,7937
2020-06-07,7997,7863,7990
2020-06-08,7988,7887,7928
2020-06-09,7955,7861,7895
2020-06-10,7947,7842,7867
2020-06-11,7950,7887,7938
2020-06-12,8000,7914,7988
2020-06-13,8047,7976,8032
2020-06-14,8148,8006,8140
2020-06-15,8168,8084,8122
2020-06-16,8150,8078,8097
2020-06-17,8157,8081,8141
2020-06-18,8154,8060,8085
2020-06-19,8069,8017,8028
2020-06-20,8038,7931,7940
2020-06-21,8086,7935,8066
2020-06-22,8120,8025,8093
2020-06-23,8250,8106,8228
2020-06-24,8270,8184,8221
2020-06-25,8300,8174,8247
2020-06-26,8359,8279,8294
2020-06-27,8321,8217,8224
2020-06-28,8209,8142,8187
2020-06-29,8379,8220,8342
2020-06-30,8325,8135,8161
2020-07-01,8212,8101,8121
2020-07-02,8228,8128,8200
2020-07-03,8266,8170,8250
2020-07-04,8267,8171,8209
2020-07-05,8235,8172,8199
2020-07-06,8279,8177,8194
2020-07-07,8247,8158,8187
2020-07-08,8226,8156,8165
2020-07-09,8325,8163,8310
2020-07-10,8321,8260,8292
2020-07-11,8378,8250,8314
2020-07-12,8408,8300,8400
2020-07-13,8463,8356,8419
2020-07-14,8469,8379,8419
2020-07-15,8490,8410,8470
2020-07-16,8621,8444,8608
2020-07-17,8760,8575,8671
2020-07-18,8794,8622,8695
2020-07-19,9204,8973,8982
2020-07-20,9098,8931,8986
2020-07-21,9070,8955,9048
2020-07-22,9200,9001,9156
2020-07-23,9195,9080,9149
2020-07-24,9199,9094,9183
2020-07-25,9193,9125,9154
2020-07-26,9189,9058,9076
2020-07-27,9200,8980,9150
2020-07-28,9268,9150,9233
2020-07-29,9268,9150,9180
2020-07-30,9195,9125,9168
2020-07-31,9234,9118,9141
2020-08-01,9274,9150,9260
2020-08-02,9340,9241,9275
2020-08-03,9292,9201,9259
2020-08-04,9319,9237,9242
2020-08-05,9235,9163,9176
2020-08-06,9243,9141,9207
2020-08-07,9329,9165,9329
2020-08-08,9328,9254,9311
2020-08-09,9360,9260,9347
2020-08-10,9405,9331,9381
2020-08-11,9380,9301,9325
2020-08-12,9343,9285,9308
2020-08-13,9374,9280,9352
2020-08-14,9375,9298,9335
2020-08-15,9324,9112,9145
2020-08-16,9157,9043,9135
2020-08-17,9166,9101,9152
2020-08-18,9248,9125,9192
2020-08-19,9191,9055,9125
2020-08-20,9395,9225,9351
2020-08-21,9464,9344,9448
2020-08-22,9487,9401,9412
2020-08-23,9443,9355,9423
2020-08-24,9439,9347,9386
2020-08-25,9435,9356,9364
2020-08-26,9485,9330,9412
2020-08-27,9533,9450,9477
2020-08-28,9572,9454,9536
2020-08-29,9580,9505,9530
2020-08-30,9616,9480,9544
2020-08-31,9639,9491,9600
2020-09-01,9650,9570,9600
2020-09-02,9650,9553,9591
2020-09-03,9598,9524,9525
2020-09-04,9581,9492,9566
2020-09-05,9723,9627,9720
2020-09-06,9740,9687,9697
2020-09-07,9788,9683,9715
2020-09-08,9840,9626,9727
2020-09-09,9879,9688,9831
2020-09-10,9795,9691,9742
2020-09-11,9950,9835,9890
2020-09-12,10033,9907,10007
2020-09-13,9905,9793,9889
2020-09-14,9990,9850,9865
2020-09-15,9969,9850,9934
2020-09-16,10084,9930,10082
2020-09-17,10090,9990,10002
2020-09-18,9995,9891,9945
2020-09-19,9685,9455,9617
2020-09-20,9723,9612,9711
2020-09-21,9738,9620,9708
2020-09-22,9758,9658,9740
2020-09-23,9792,9722,9751
2020-09-24,9783,9684,9745
2020-09-25,9866,9745,9854
2020-09-26,9945,9850,9937
2020-09-27,9948,9835,9915
2020-09-28,9918,9796,9900
2020-09-29,9973,9888,9917
2020-09-30,10044,9890,10038
2020-10-01,10040,9954,9985
2020-10-02,10036,9912,9954
2020-10-03,9974,9865,9962
2020-10-04,9970,9781,9855
2020-10-05,9920,9822,9858
2020-10-06,9874,9780,9829
2020-10-07,9943,9825,9920
2020-10-08,9952,9848,9892
2020-10-09,9925,9863,9899
2020-10-10,9946,9855,9935
2020-10-11,9937,9870,9909
2020-10-12,9950,9777,9850
2020-10-13,9844,9741,9773
2020-10-14,9786,9646,9691
2020-10-15,9601,9288,9396
2020-10-16,9409,9247,9294
2020-10-17,9305,8877,9227
2020-10-18,9237,9084,9090
2020-10-19,9215,9010,9181
2020-10-20,9389,9226,9380
2020-10-21,9485,9362,9394
2020-10-22,9482,9252,9300
2020-10-23,9400,9282,9328
2020-10-24,9417,9297,9411
2020-10-25,9447,9262,9271
2020-10-26,9403,9210,9376
2020-10-27,9397,9310,9345
2020-10-28,9445,9302,9325
2020-10-29,9432,9339,9399
2020-10-30,9453,9355,9450
2020-10-31,9581,9383,9536
2020-11-01,9544,9465,9519
2020-11-02,9522,9465,9503
2020-11-03,9525,9432,9500
2020-11-04,9503,9420,9473
2020-11-05,9502,9380,9426
2020-11-06,9511,9396,9457
2020-11-07,9475,9357,9426
2020-11-08,9550,9406,9521
2020-11-09,9623,9533,9610
2020-11-10,9645,9557,9621
2020-11-11,9675,9575,9652
2020-11-12,9694,9612,9662
2020-11-13,9680,9616,9646
2020-11-14,9670,9495,9516
2020-11-15,9582,9453,9567
2020-11-16,9575,9459,9493
2020-11-17,9630,9472,9618
2020-11-18,9766,9602,9712
2020-11-19,9591,9440,9480
2020-11-20,9487,9400,9429
2020-11-21,9515,9391,9458
2020-11-22,9573,9505,9521
2020-11-23,9990,9723,9849
2020-11-24,10170,9873,10146
2020-11-25,10150,10021,10090
2020-11-26,10117,10006,10117
2020-11-27,10300,10097,10221
2020-11-28,10317,10205,10317
2020-11-29,10314,10213,10222
2020-11-30,10300,10135,10280
2020-12-01,10303,10225,10296
2020-12-02,10317,10240,10316
2020-12-03,10339,10221,10329
2020-12-04,10475,10370,10438
2020-12-05,10511,10371,10468
2020-12-06,10599,10467,10598
2020-12-07,10625,10479,10557
2020-12-08,10580,10470,10483
2020-12-09,10589,10453,10587
2020-12-10,10623,10473,10531
2020-12-11,10805,10560,10799
2020-12-12,10800,10687,10704
2020-12-13,10725,10601,10670
2020-12-14,10700,10525,10558
2020-12-15,10598,10357,10395
2020-12-16,10543,10385,10518
2020-12-17,10663,10530,10591
2020-12-18,10710,10521,10693
2020-12-19,10767,10600,10660
2020-12-20,10724,10602,10654
2020-12-21,10659,10558,10623
2020-12-22,10655,10554,10584
2020-12-23,10551,10239,10241
2020-12-24,10317,10156,10180
2020-12-25,10321,10175,10307
2020-12-26,10400,10250,10322
2020-12-27,10318,10215,10234
2020-12-28,10326,10210,10312
2020-12-29,10424,10281,10385
2020-12-30,10519,10388,10509
2020-12-31,10565,10489,10533
2021-01-01,10666,10490,10650
2021-01-02,10702,10595,10600
2021-01-03,10700,10561,10660
2021-01-04,10644,10444,10444
2021-01-05,10577,10450,10510
2021-01-06,10606,10482,10533
2021-01-07,10547,10440,10543
2021-01-08,10692,10522,10595
2021-01-09,10658,10410,10525
2021-01-10,10580,10458,10501
2021-01-11,10708,10524,10658
2021-01-12,10839,10598,10805
2021-01-13,10966,10766,10903
2021-01-14,10935,10820,10897
2021-01-15,10915,10825,10863
2021-01-16,10960,10825,10910
2021-01-17,10965,10822,10928
2021-01-18,10920,10810,10860
2021-01-19,11004,10842,10966
2021-01-20,11147,10945,11077
2021-01-21,11188,11004,11108
2021-01-22,11648,11465,11586
2021-01-23,11586,11394,11481
2021-01-24,11643,11485,11638
2021-01-25,11700,11502,11617
2021-01-26,11838,11524,11810
2021-01-27,11882,11552,11653
2021-01-28,11795,11562,11562
2021-01-29,11575,11352,11452
2021-01-30,11472,11002,11065
2021-01-31,11273,11006,11204
2021-02-01,11405,11150,11323
2021-02-02,11418,11170,11189
2021-02-03,11389,11170,11389
2021-02-04,11417,11225,11353
2021-02-05,11460,11226,11298
2021-02-06,11449,11073,11073
2021-02-07,11350,10970,11264
2021-02-08,11395,11231,11271
2021-02-09,11315,11174,11205
2021-02-10,11285,10991,11123
2021-02-11,11142,10370,10969
2021-02-12,11267,10866,11090
2021-02-13,11110,10913,10922
2021-02-14,11011,10808,10904
2021-02-15,11050,10915,11000
2021-02-16,11168,11001,11145
2021-02-17,11325,11081,11324
2021-02-18,11385,11280,11344
2021-02-19,11359,11163,11200
2021-02-20,11498,11207,11457
2021-02-21,11600,11362,11537
2021-02-22,11735,11555,11669
2021-02-23,11889,11615,11819
2021-02-24,11815,11655,11788
2021-02-25,11875,11624,11762
2021-02-26,11697,11533,11555
2021-02-27,11750,11532,11580
2021-02-28,11778,11604,11735
2021-03-01,11740,11569,11600
2021-03-02,11700,11574,11595
2021-03-03,11600,11465,11513
2021-03-04,11525,11430,11452
2021-03-05,11678,11483,11663
2021-03-06,11719,11578,11667
2021-03-07,11765,11620,11686
2021-03-08,11810,11635,11678
2021-03-09,11743,11585,11625
2021-03-10,11759,11579,11651
2021-03-11,11808,11675,11730
2021-03-12,11821,11704,11771
2021-03-13,11850,11710,11780
2021-03-14,11950,11750,11903
2021-03-15,11960,11814,11836
2021-03-16,11784,11628,11640
2021-03-17,11675,11500,11569
2021-03-18,11671,11547,11630
2021-03-19,11823,11588,11777
2021-03-20,11850,11642,11830
2021-03-21,11880,11768,11862
2021-03-22,12146,11737,11805
2021-03-23,11889,11728,11781
2021-03-24,11837,11675,11803
2021-03-25,11994,11750,11960
2021-03-26,11801,11415,11578
2021-03-27,11641,11444,11480
2021-03-28,11493,11180,11228
2021-03-29,11388,11096,11337
2021-03-30,11480,11350,11468
2021-03-31,11445,11168,11295
2021-04-01,11440,11169,11281
2021-04-02,11400,11207,11373
2021-04-03,11501,11385,11480
2021-04-04,11490,11375,11412
2021-04-05,11625,11328,11612
2021-04-06,11609,11332,11365
2021-04-07,11515,11357,11459
2021-04-08,11511,11283,11340
2021-04-09,11395,11167,11317
2021-04-10,11364,11090,11108
2021-04-11,11032,10399,10611
2021-04-12,10492,9927,10025
2021-04-13,10419,10070,10145
2021-04-14,10574,10250,10527
2021-04-15,10642,10284,10344
2021-04-16,10564,10305,10360
2021-04-17,10500,10325,10479
2021-04-18,10539,10134,10222
2021-04-19,10497,10138,10342
2021-04-20,10409,10141,10222
2021-04-21,10414,10232,10405
2021-04-22,10515,10172,10197
2021-04-23,10458,10150,10383
2021-04-24,10827,10436,10737
2021-04-25,10787,10625,10750
2021-04-26,10919,10393,10518
2021-04-27,10714,10458,10583
2021-04-28,10742,10472,10663
2021-04-29,10852,10698,10816
2021-04-30,11000,10793,10970
2021-05-01,11000,10795,10886
2021-05-02,11026,10900,10939
2021-05-03,11040,10646,10699
2021-05-04,11020,10738,10847
2021-05-05,10864,10694,10818
2021-05-06,10756,10410,10577
2021-05-07,10599,10411,10453
2021-05-08,10697,10413,10631
2021-05-09,10838,10587,10714
2021-05-10,10949,10761,10884
2021-05-11,11116,10915,11105
2021-05-12,11200,11055,11165
2021-05-13,11219,11090,11156
2021-05-14,11130,10949,10960
2021-05-15,11076,10911,11009
2021-05-16,11000,10726,10810
2021-05-17,10899,10417,10469
2021-05-18,10557,10398,10490
2021-05-19,10395,10048,10113
2021-05-20,10100,9903,10005
2021-05-21,10038,9717,9759
2021-05-22,9915,9716,9831
2021-05-23,10086,9715,9992
2021-05-24,9946,9704,9767
2021-05-25,10559,10133,10293
2021-05-26,10464,10123,10183
2021-05-27,10286,10014,10163
2021-05-28,10345,10005,10110
2021-05-29,10672,10250,10340
2021-05-30,10309,9855,10122
2021-05-31,10634,9850,10610
2021-06-01,10751,10468,10691
2021-06-02,10779,10410,10452
2021-06-03,10577,10383,10498
2021-06-04,10680,10460,10610
2021-06-05,10765,10486,10565
2021-06-06,10797,10370,10711
2021-06-07,10940,10586,10908
2021-06-08,10900,10646,10793
2021-06-09,10805,10468,10502
2021-06-10,10649,10358,10359
2021-06-11,10400,10060,10234
2021-06-12,10367,10207,10327
2021-06-13,10555,10287,10514
2021-06-14,10733,10470,10653
2021-06-15,10893,10680,10842
2021-06-16,10850,10550,10613
2021-06-17,10625,10500,10616
2021-06-18,10762,10464,10500
2021-06-19,10821,10453,10785
2021-06-20,10960,10643,10693
2021-06-21,10848,10571,10807
2021-06-22,11032,10743,11008
2021-06-23,11499,10905,11438
2021-06-24,11663,11291,11646
2021-06-25,11590,11456,11524
2021-06-26,11514,11335,11386
2021-06-27,11481,11348,11423
2021-06-28,11572,11275,11571
2021-06-29,11641,11425,11539
2021-06-30,11515,11225,11252
2021-07-01,11475,11180,11394
2021-07-02,11599,11312,11401
2021-07-03,11656,11404,11649
2021-07-04,11800,11511,11707
2021-07-05,11678,11364,11591
2021-07-06,11652,11269,11523
2021-07-07,11704,11300,11555
2021-07-08,11843,11381,11841
2021-07-09,11850,11665,11694
2021-07-10,11848,11665,11833
2021-07-11,11979,11813,11906
2021-07-12,11910,11715,11797
2021-07-13,11797,11496,11691
2021-07-14,11620,11451,11552
2021-07-15,11675,11421,11457
2021-07-16,11587,11334,11514
2021-07-17,11837,11497,11649
2021-07-18,11688,11398,11481
2021-07-19,11682,11386,11602
2021-07-20,11658,11460,11576
2021-07-21,11737,11582,11631
2021-07-22,11688,11528,11627
2021-07-23,11772,11572,11677
2021-07-24,11922,11688,11878
2021-07-25,11780,11551,11600
2021-07-26,11794,11595,11728
2021-07-27,11767,11554,11717
2021-07-28,12047,11717,12047
2021-07-29,12372,12070,12308
2021-07-30,12500,12315,12440
2021-07-31,12451,12205,12435
2021-08-01,12435,12301,12367
2021-08-02,12478,12264,12360
2021-08-03,12490,12273,12419
2021-08-04,12450,12206,12308
2021-08-05,12305,12164,12169
2021-08-06,12320,12204,12285
2021-08-07,12350,12050,12070
2021-08-08,12443,12106,12361
2021-08-09,12400,12176,12318
2021-08-10,12325,12174,12203
2021-08-11,12334,12078,12282
2021-08-12,12498,12241,12414
2021-08-13,12517,12370,12492
2021-08-14,12465,12363,12406
2021-08-15,12599,12356,12524
2021-08-16,12670,12503,12658
2021-08-17,12883,12620,12752
2021-08-18,12868,12690,12846
2021-08-19,12848,12680,12782
2021-08-20,12821,12605,12649
2021-08-21,12605,12445,12518
2021-08-22,12640,12302,12362
2021-08-23,12535,12355,12470
2021-08-24,12491,12377,12420
2021-08-25,12738,12400,12732
2021-08-26,12954,12699,12954
2021-08-27,12999,12866,12971
2021-08-28,12999,12880,12943
2021-08-29,12937,12670,12736
2021-08-30,12900,12746,12784
2021-08-31,12850,12645,12755
2021-09-01,12904,12720,12847
2021-09-02,12814,12474,12494
2021-09-03,12618,12406,12586
2021-09-04,12672,12463,12594
2021-09-05,12590,12286,12325
2021-09-06,12509,12313,12385
2021-09-07,12657,12415,12615
2021-09-08,12714,12465,12671
2021-09-09,12710,12462,12510
2021-09-10,12543,12370,12416
2021-09-11,12562,12236,12502
2021-09-12,12502,12250,12274
2021-09-13,12450,12240,12346
2021-09-14,12425,12190,12346
2021-09-15,12583,12320,12458
2021-09-16,12382,12076,12113
2021-09-17,12205,11826,12005
2021-09-18,12022,11815,11853
2021-09-19,11936,11660,11927
2021-09-20,12055,11812,11910
2021-09-21,12078,11789,11954
2021-09-22,12264,11962,12150
2021-09-23,12399,12055,12388
2021-09-24,12450,12040,12040
2021-09-25,12354,12066,12318
2021-09-26,12374,12057,12212
2021-09-27,12425,12124,12154
2021-09-28,12450,11990,12320
2021-09-29,12689,12225,12594
2021-09-30,12696,12400,12652
2021-10-01,13000,12542,12989
2021-10-02,12990,12764,12866
2021-10-03,13000,12726,13000
2021-10-04,13033,12829,12952
2021-10-05,13093,12880,13000
2021-10-06,12990,12800,12853
2021-10-07,12844,12613,12625
2021-10-08,12817,12625,12766
2021-10-09,12900,12709,12886
2021-10-10,12950,12774,12798
2021-10-11,12930,12628,12664
2021-10-12,12810,12625,12756
2021-10-13,12890,12708,12887
2021-10-14,12950,12775,12916
2021-10-15,12997,12790,12905
2021-10-16,12988,12763,12881
2021-10-17,12843,12575,12660
2021-10-18,12650,12440,12522
2021-10-19,12699,12475,12580
2021-10-20,12825,12480,12694
2021-10-21,12719,12535,12636
2021-10-22,12700,12368,12459
2021-10-23,12479,12201,12256
2021-10-24,12397,12201,12251
2021-10-25,12343,12155,12299
2021-10-26,12535,12280,12493
2021-10-27,12493,12270,12286
2021-10-28,12285,12150,12250
2021-10-29,12485,12218,12338
2021-10-30,12545,12358,12458
2021-10-31,12399,12163,12173
2021-11-01,12400,11790,11841
2021-11-02,11865,11515,11834
2021-11-03,11890,11490,11500
2021-11-04,11509,11317,11433
2021-11-05,11828,11514,11729
2021-11-06,11810,11500,11504
2021-11-07,11995,11610,11804
2021-11-08,11937,11611,11920
2021-11-09,11928,11682,11897
2021-11-10,11841,11519,11519
2021-11-11,11764,11332,11605
2021-11-12,11550,11061,11147
2021-11-13,11859,11104,11512
2021-11-14,12400,11750,11885
2021-11-15,12014,11602,11621
2021-11-16,11817,11414,11536
2021-11-17,11817,11426,11646
2021-11-18,12199,11612,12011
2021-11-19,12101,11701,11942
2021-11-20,11843,10995,11446
2021-11-21,11696,11181,11696
2021-11-22,11680,10775,11013
2021-11-23,10997,10304,10474
2021-11-24,11095,10303,10344
2021-11-25,10300,9660,10062
2021-11-26,10262,9424,9565
2021-11-27,9748,8998,9055
2021-11-28,9531,8823,8900
2021-11-29,9166,8351,8775
2021-11-30,9361,8695,9221
2021-12-01,9900,9200,9360
2021-12-02,9529,8771,8829
2021-12-03,9200,8435,9152
2021-12-04,9591,8771,9078
2021-12-05,9331,8933,9251
2021-12-06,9246,8857,8886
2021-12-07,8759,8080,8360
2021-12-08,8589,8100,8435
2021-12-09,8431,7882,8207
2021-12-10,8450,7901,7966
2021-12-11,8761,7952,8728
2021-12-12,9100,8625,8820
2021-12-13,9240,8890,9069
2021-12-14,9419,8903,9297
2021-12-15,9467,9217,9268
2021-12-16,9476,9207,9340
2021-12-17,9340,8970,8994
2021-12-18,8883,8428,8515
2021-12-19,8671,8425,8627
2021-12-20,8810,8274,8387
2021-12-21,8429,8025,8274
2021-12-22,8240,7957,7974
2021-12-23,8439,7540,8421
2021-12-24,8540,7950,8033
2021-12-25,7974,7716,7748
2021-12-26,8093,7700,8008
2021-12-27,8100,7573,7597
2021-12-28,7839,7051,7174
2021-12-29,7698,6950,7488
2021-12-30,8209,7500,7989
2021-12-31,8240,7822,8065
2022-01-01,8179,7861,8167
2022-01-02,8190,8010,8160
2022-01-03,8136,7679,7690
2022-01-04,8000,7614,7984
2022-01-05,8100,7699,8067
2022-01-06,8083,7618,7744
2022-01-07,8150,7531,8059
2022-01-08,8588,8173,8486
2022-01-09,8543,8220,8269
2022-01-10,8499,8183,8286
2022-01-11,8286,7977,8058
2022-01-12,8294,7806,8220
2022-01-13,8354,8000,8277
2022-01-14,8684,8287,8640
2022-01-15,8727,8466,8584
2022-01-16,8664,8296,8400
2022-01-17,8522,8297,8352
2022-01-18,8345,8032,8199
2022-01-19,8281,8013,8060
2022-01-20,8122,7992,8052
2022-01-21,8180,8055,8133
2022-01-22,8172,7968,8125
2022-01-23,8364,8152,8355
2022-01-24,8500,8350,8416
2022-01-25,8759,8389,8737
2022-01-26,8767,8618,8682
2022-01-27,9041,8637,8923
2022-01-28,8880,8712,8779
2022-01-29,8814,8598,8718
2022-01-30,8750,8425,8470
2022-01-31,8660,8442,8571
2022-02-01,8659,8479,8534
2022-02-02,8482,8211,8319
2022-02-03,8483,8226,8412
2022-02-04,8574,8308,8492
2022-02-05,8492,8176,8198
2022-02-06,9160,8600,9142
2022-02-07,9074,8811,9007
2022-02-08,9070,8781,8949
2022-02-09,9267,8952,9160
2022-02-10,9197,9050,9166
2022-02-11,9494,9191,9482
2022-02-12,9458,9202,9251
2022-02-13,9348,9125,9165
2022-02-14,9186,8969,9093
2022-02-15,9373,9016,9348
2022-02-16,9491,9182,9283
2022-02-17,9320,9122,9241
2022-02-18,9710,9165,9614
2022-02-19,9698,9472,9682
2022-02-20,9682,9296,9327
2022-02-21,9577,9300,9516
2022-02-22,9520,9220,9507
2022-02-23,9518,9357,9384
2022-02-24,9249,9050,9067
2022-02-25,9225,9044,9151
2022-02-26,9216,8845,8893
2022-02-27,8990,8734,8879
2022-02-28,8933,8419,8437
2022-03-01,8708,8410,8640
2022-03-02,8712,8285,8590
2022-03-03,9020,8633,8897
2022-03-04,9328,8801,9203
2022-03-05,9190,8875,8905
2022-03-06,9018,8719,8777
2022-03-07,9124,8760,8949
2022-03-08,9016,8702,8748
2022-03-09,8825,8381,8581
2022-03-10,8680,8302,8348
2022-03-11,8725,8364,8725
2022-03-12,8954,8672,8862
2022-03-13,9060,8749,9040
2022-03-14,9065,8929,9036
2022-03-15,9300,9054,9122
2022-03-16,9291,9045,9291
2022-03-17,9290,8941,9195
2022-03-18,9335,9151,9266
2022-03-19,9500,9218,9251
2022-03-20,9871,9370,9871
2022-03-21,9955,9752,9830
2022-03-22,9986,9609,9795
2022-03-23,9920,9775,9878
2022-03-24,9600,9275,9415
2022-03-25,9474,9180,9452
2022-03-26,9866,9485,9689
2022-03-27,9800,9570,9761
2022-03-28,10199,9838,10082
2022-03-29,10266,9971,10222
2022-03-30,10185,10000,10156
2022-03-31,10050,9852,9875
2022-04-01,10155,9900,10119
2022-04-02,10245,10025,10170
2022-04-03,10165,9904,9995
2022-04-04,9995,9827,9927
2022-04-05,9906,9644,9885
2022-04-06,10192,9918,10143
2022-04-07,10204,9969,10127
2022-04-08,10119,9921,10043
2022-04-09,10248,9820,10231
2022-04-10,10386,10106,10255
2022-04-11,10278,9980,10142
2022-04-12,10158,9950,10008
2022-04-13,10169,9929,9995
2022-04-14,10273,9925,10194
2022-04-15,10500,10167,10404
2022-04-16,10605,10285,10321
2022-04-17,10486,10294,10461
2022-04-18,10675,10461,10619
2022-04-19,10682,10551,10585
2022-04-20,10550,10371,10462
2022-04-21,10480,10183,10259
2022-04-22,10375,9983,10149
2022-04-23,10388,10095,10290
2022-04-24,10438,10237,10394
2022-04-25,10310,10135,10226
2022-04-26,10271,10077,10105
2022-04-27,10307,10057,10137
2022-04-28,10471,10194,10458
2022-04-29,10612,10400,10551
2022-04-30,10598,10381,10405
2022-05-01,10325,10174,10282
2022-05-02,10331,10175,10189
2022-05-03,10563,10102,10502
2022-05-04,10517,10291,10293
2022-05-05,10514,10268,10469
2022-05-06,10650,10395,10628
2022-05-07,10867,10667,10837
2022-05-08,10880,10666,10683
2022-05-09,10660,10511,10649
2022-05-10,10687,10560,10633
2022-05-11,10840,10675,10724
2022-05-12,10798,10550,10749
2022-05-13,10914,10799,10814
2022-05-14,10928,10705,10835
2022-05-15,11064,10856,10940
2022-05-16,10928,10775,10821
2022-05-17,10883,10724,10762
2022-05-18,10914,10727,10732
2022-05-19,10788,10688,10700
2022-05-20,10753,10612,10633
2022-05-21,10665,10550,10589
2022-05-22,10588,10423,10452
2022-05-23,10487,10379,10444
2022-05-24,10648,10372,10415
2022-05-25,10678,10351,10606
2022-05-26,10650,10505,10568
2022-05-27,10618,10516,10583
2022-05-28,10603,10381,10442
2022-05-29,10627,10473,10484
2022-05-30,10391,10173,10173
2022-05-31,10223,10047,10165
2022-06-01,10196,10003,10019
2022-06-02,10117,9950,10068
2022-06-03,10278,10085,10208
2022-06-04,10172,9980,10083
2022-06-05,10365,10019,10362
2022-06-06,10362,10252,10325
2022-06-07,10722,10460,10722
2022-06-08,11097,10679,11064
2022-06-09,11553,11316,11542
2022-06-10,11688,11439,11644
2022-06-11,11704,11538,11704
2022-06-12,11720,11509,11557
2022-06-13,11800,11506,11706
2022-06-14,11815,11663,11764
2022-06-15,11792,11657,11763
2022-06-16,11752,11634,11728
2022-06-17,11728,11605,11726
2022-06-18,11937,11767,11786
2022-06-19,11899,11756,11793
2022-06-20,11996,11869,11992
2022-06-21,11980,11902,11960
2022-06-22,11900,11786,11847
2022-06-23,11840,11670,11738
2022-06-24,11991,11811,11933
2022-06-25,11919,11797,11870
2022-06-26,11850,11732,11779
2022-06-27,11996,11742,11929
2022-06-28,11978,11863,11958
2022-06-29,11974,11762,11857
2022-06-30,11744,11621,11686
2022-07-01,11800,11673,11763
2022-07-02,11877,11612,11857
2022-07-03,11941,11810,11895
2022-07-04,12001,11855,11990
2022-07-05,12088,11910,11932
2022-07-06,12015,11871,11883
2022-07-07,11985,11751,11947
2022-07-08,11959,11785,11943
2022-07-09,12023,11777,11822
2022-07-10,11806,11692,11805
2022-07-11,11893,11650,11669
2022-07-12,11724,11600,11609
2022-07-13,11673,11515,11633
2022-07-14,11750,11621,11746
2022-07-15,11817,11663,11716
2022-07-16,11767,11616,11676
2022-07-17,11783,11675,11767
2022-07-18,11925,11747,11805
2022-07-19,11899,11694,11888
2022-07-20,11945,11816,11935
2022-07-21,12200,11930,12182
2022-07-22,12278,12105,12188
2022-07-23,12288,12162,12211
2022-07-24,12208,12088,12157
2022-07-25,12211,12098,12161
2022-07-26,12274,12071,12082
2022-07-27,12165,12040,12094
2022-07-28,12165,12010,12108
2022-07-29,12200,11894,11933
2022-07-30,11994,11860,11881
2022-07-31,12000,11755,11961
2022-08-01,11961,11756,11790
2022-08-02,11966,11726,11902
2022-08-03,12018,11813,11975
2022-08-04,12159,12022,12135
2022-08-05,12285,12094,12278
2022-08-06,12298,12185,12229
2022-08-07,12600,12230,12593
2022-08-08,12710,12520,12704
2022-08-09,12739,12620,12702
2022-08-10,12861,12660,12835
2022-08-11,12800,12632,12798
2022-08-12,12370,12125,12164
2022-08-13,12336,12161,12306
2022-08-14,12350,12150,12282
2022-08-15,12411,12086,12087
2022-08-16,12300,12034,12269
2022-08-17,12306,12000,12036
2022-08-18,12244,11955,12011
2022-08-19,12214,11915,12065
2022-08-20,12168,11987,12150
2022-08-21,12303,12160,12287
2022-08-22,12430,12048,12061
2022-08-23,12193,11950,12056
2022-08-24,12119,11953,12116
2022-08-25,12250,12116,12129
2022-08-26,12350,12200,12310
2022-08-27,12349,12223,12349
2022-08-28,12600,12349,12600
2022-08-29,12705,12517,12691
2022-08-30,12730,12594,12719
2022-08-31,12765,12611,12626
2022-09-01,12780,12627,12703
2022-09-02,12824,12703,12821
2022-09-03,12866,12740,12863
2022-09-04,12835,12755,12815
2022-09-05,12784,12651,12754
2022-09-06,12769,12646,12696
2022-09-07,12894,12765,12820
2022-09-08,12832,12714,12793
2022-09-09,12822,12708,12728
2022-09-10,12662,12426,12570
2022-09-11,12660,12492,12635
2022-09-12,12839,12685,12794
2022-09-13,12839,12716,12721
2022-09-14,12847,12725,12755
2022-09-15,12890,12600,12725
2022-09-16,12753,12659,12704
2022-09-17,12735,12616,12680
2022-09-18,12839,12611,12839
2022-09-19,12947,12809,12934
2022-09-20,12977,12871,12968
2022-09-21,12998,12960,12993
2022-09-22,12986,12794,12849
2022-09-23,12960,12835,12871
2022-09-24,12856,12712,12740
2022-09-25,12839,12700,12791
2022-09-26,12894,12768,12865
2022-09-27,12998,12919,12993
2022-09-28,13000,12930,13000
2022-09-29,13057,12948,13057
2022-09-30,13231,13072,13231
2022-10-01,13237,13180,13185
2022-10-02,13268,13068,13257
2022-10-03,13285,13075,13090
2022-10-04,13297,13085,13245
2022-10-05,13185,13010,13085
2022-10-06,13149,12981,13000
2022-10-07,13025,12891,12955
2022-10-08,13092,12905,13085
2022-10-09,13106,12867,12948
2022-10-10,13133,12900,13051
2022-10-11,13112,12916,13023
2022-10-12,13271,12991,13231
2022-10-13,13289,13109,13178
2022-10-14,13425,13156,13414
2022-10-15,13115,12895,13025
2022-10-16,13069,12806,12900
2022-10-17,12889,12537,12550
2022-10-18,12690,12571,12612
2022-10-19,12775,12541,12575
2022-10-20,12696,12504,12633
2022-10-21,12704,12305,12375
2022-10-22,12500,12190,12239
2022-10-23,12495,12278,12467
2022-10-24,12581,12395,12553
2022-10-25,12607,12507,12566
2022-10-26,12544,12290,12300
2022-10-27,12372,12183,12352
2022-10-28,12322,12174,12188
2022-10-29,12420,12246,12321
2022-10-30,12365,12221,12281
2022-10-31,12420,12206,12373
2022-11-01,12405,12161,12400
2022-11-02,12523,12411,12523
2022-11-03,12653,12521,12633
2022-11-04,12800,12600,12781
2022-11-05,12806,12687,12719
2022-11-06,12743,12631,12685
2022-11-07,12766,12600,12646
2022-11-08,12827,12681,12759
2022-11-09,12724,12557,12707
2022-11-10,12800,12674,12716
2022-11-11,12883,12747,12857
2022-11-12,12909,12713,12742
2022-11-13,12802,12668,12688
2022-11-14,12707,12547,12672
2022-11-15,12755,12704,12725
2022-11-16,12750,12636,12641
2022-11-17,12629,12520,12555
2022-11-18,12636,12521,12562
2022-11-19,12781,12571,12760
2022-11-20,12837,12751,12794
2022-11-21,12834,12728,12783
2022-11-22,12888,12745,12867
2022-11-23,12893,12736,12776
2022-11-24,12875,12745,12838
2022-11-25,12893,12678,12771
2022-11-26,12839,12657,12798
2022-11-27,12943,12764,12937
2022-11-28,12995,12847,12853
2022-11-29,13073,12913,12924
2022-11-30,12978,12872,12926
2022-12-01,12995,12826,12859
2022-12-02,12913,12825,12877
2022-12-03,12875,12765,12825
2022-12-04,12931,12755,12825
2022-12-05,12980,12814,12935
2022-12-06,12930,12805,12893
2022-12-07,12927,12801,12848
2022-12-08,12823,12720,12761
2022-12-09,12887,12712,12876
2022-12-10,12896,12824,12836
2022-12-11,12944,12784,12903
2022-12-12,13142,12946,13125
2022-12-13,13114,13019,13089
2022-12-14,13217,13025,13063
2022-12-15,13228,13038,13223
2022-12-16,13033,12826,12969
2022-12-17,13027,12850,12899
2022-12-18,12936,12777,12913
2022-12-19,13010,12871,12999
2022-12-20,13104,12954,13073
2022-12-21,13200,12871,12882
2022-12-22,13047,12903,13010
2022-12-23,13121,13015,13046
2022-12-24,13064,12884,12900
2022-12-25,13014,12880,12960
2022-12-26,12893,12658,12812
2022-12-27,12823,12687,12746
2022-12-28,12793,11600,12392
2022-12-29,12439,12000,12210
2022-12-30,12667,12506,12627
2022-12-31,12842,12515,12689
2023-01-01,13285,12701,13268
2023-01-02,13310,13085,13148
2023-01-03,13167,12941,13119
2023-01-04,13176,12870,13044
2023-01-05,13199,12990,12995
2023-01-06,13050,12782,12886
2023-01-07,12796,12368,12380
2023-01-08,12561,12140,12542
2023-01-09,12602,12404,12445
2023-01-10,12495,12147,12452
2023-01-11,12594,12300,12323
2023-01-12,12639,12477,12639
2023-01-13,12628,12429,12526
2023-01-14,12688,12420,12434
2023-01-15,12750,12435,12741
2023-01-16,12822,12646,12796
2023-01-17,12710,12467,12528
2023-01-18,12586,12413,12413
2023-01-19,12446,12282,12372
2023-01-20,12584,12358,12390
2023-01-21,12822,12580,12768
2023-01-22,12880,12644,12845
2023-01-23,12997,12849,12850
2023-01-24,12995,12837,12979
2023-01-25,13068,12834,13035
2023-01-26,13103,12986,13098
2023-01-27,13125,13013,13015
2023-01-28,13194,13022,13065
2023-01-29,13147,12907,12930
2023-01-30,13147,12909,13011
2023-01-31,12973,12770,12819
2023-02-01,12910,12712,12712
2023-02-02,12947,12722,12898
2023-02-03,12840,12412,12509
2023-02-04,12522,12300,12348
2023-02-05,12421,12161,12257
2023-02-06,12329,12061,12186
2023-02-07,12463,12217,12346
2023-02-08,12712,12347,12700
2023-02-09,12815,12674,12797
2023-02-10,12820,12729,12796
2023-02-11,12883,12716,12867
2023-02-12,13098,12869,13048
2023-02-13,13160,12914,13072
2023-02-14,13092,12955,13072
2023-02-15,13015,12785,12803
2023-02-16,13038,12837,12979
2023-02-17,12656,12293,12655
2023-02-18,12650,12462,12527
2023-02-19,12778,12605,12747
2023-02-20,12880,12700,12838
2023-02-21,12843,12714,12841
2023-02-22,12917,12789,12863
2023-02-23,12935,12788,12843
2023-02-24,12950,12714,12802
2023-02-25,12898,12704,12840
2023-02-26,13120,12925,13076
2023-02-27,13104,12933,13037
2023-02-28,13150,12985,13127
2023-03-01,13198,13053,13183
2023-03-02,13048,12876,13014
2023-03-03,13234,13040,13200
2023-03-04,13249,13077,13184
2023-03-05,13069,12946,12983
2023-03-06,12878,12752,12830
2023-03-07,12846,12733,12787
2023-03-08,12823,12696,12777
2023-03-09,12985,12790,12845
2023-03-10,13020,12780,12939
2023-03-11,12959,12802,12890
2023-03-12,12898,12696,12750
2023-03-13,12803,12644,12647
2023-03-14,12602,12457,12490
2023-03-15,12560,12400,12527
2023-03-16,12578,12278,12278
2023-03-17,12480,12242,12473
2023-03-18,12527,12340,12340
2023-03-19,12399,12228,12305
2023-03-20,12631,12452,12577
2023-03-21,12623,12465,12504
2023-03-22,12760,12590,12758
2023-03-23,12736,12588,12595
2023-03-24,12652,12539,12608
2023-03-25,12757,12615,12636
2023-03-26,12829,12626,12799
2023-03-27,13000,12852,12961
2023-03-28,12992,12843,12885
2023-03-29,12996,12854,12943
2023-03-30,12995,12880,12967
2023-03-31,13060,12970,13019
2023-04-01,13209,13011,13179
2023-04-02,13280,13078,13198
2023-04-03,13258,13140,13257
2023-04-04,13278,13122,13167
2023-04-05,13415,13234,13411
2023-04-06,13500,13351,13465
2023-04-07,13514,13371,13489
2023-04-08,13580,13434,13548
2023-04-09,13611,13367,13414
2023-04-10,13628,13509,13564
2023-04-11,13592,13439,13525
2023-04-12,13790,13612,13766
2023-04-13,13796,13683,13784
2023-04-14,13888,13752,13872
2023-04-15,13909,13806,13885
2023-04-16,13994,13864,13966
2023-04-17,13999,13827,13985
2023-04-18,14148,13978,14037
2023-04-19,14150,13969,14150
2023-04-20,14210,14054,14106
2023-04-21,14303,14084,14283
2023-04-22,13934,13670,13803
2023-04-23,13987,13813,13907
2023-04-24,14049,13840,13983
2023-04-25,14075,13946,13967
2023-04-26,14140,13981,13984
2023-04-27,14200,13853,14067
2023-04-28,14157,13900,14143
2023-04-29,14195,14042,14090
2023-04-30,14400,14075,14360
2023-05-01,14426,14232,14332
2023-05-02,14471,14371,14384
2023-05-03,14446,14263,14417
2023-05-04,14684,14471,14679
2023-05-05,14693,14567,14692
2023-05-06,14658,14525,14646
2023-05-07,14753,14563,14614
2023-05-08,14679,14563,14655
2023-05-09,14550,14335,14543
2023-05-10,14577,14355,14374
2023-05-11,14475,14327,14364
2023-05-12,14338,14118,14224
2023-05-13,14249,14139,14195
2023-05-14,14499,14275,14436
2023-05-15,14535,14399,14505
2023-05-16,14543,14356,14539
2023-05-17,14453,14233,14318
2023-05-18,14644,14382,14581
2023-05-19,14530,14357,14390
2023-05-20,14367,14150,14289
2023-05-21,14276,14128,14146
2023-05-22,14513,14351,14441
2023-05-23,14585,14430,14518
2023-05-24,14568,14425,14538
2023-05-25,14587,14452,14499
2023-05-26,14630,14387,14402
2023-05-27,14565,14384,14498
2023-05-28,14594,14352,14430
2023-05-29,14495,14373,14482
2023-05-30,14540,14421,14428
2023-05-31,14601,14426,14582
2023-06-01,14572,14431,14472
2023-06-02,14532,14415,14455
2023-06-03,14550,14440,14500
2023-06-04,14554,14439,14451
2023-06-05,14599,14433,14574
2023-06-06,14640,14558,14595
2023-06-07,14633,14533,14589
2023-06-08,14570,14500,14534
2023-06-09,14615,14506,14571
2023-06-10,14750,14571,14652
2023-06-11,14711,14625,14667
2023-06-12,14707,14596,14676
2023-06-13,14820,14714,14748
2023-06-14,14822,14664,14764
2023-06-15,14748,14673,14705
2023-06-16,14879,14682,14866
2023-06-17,14886,14694,14793
2023-06-18,14806,14723,14764
2023-06-19,14835,14675,14728
2023-06-20,14929,14767,14910
2023-06-21,14929,14825,14882
2023-06-22,15000,14847,15000
2023-06-23,15146,14938,15065
2023-06-24,15613,15283,15569
2023-06-25,15596,15445,15580
2023-06-26,15678,15496,15550
2023-06-27,15979,15533,15963
2023-06-28,16435,15900,16144
2023-06-29,16190,16042,16104
2023-06-30,16218,16086,16107
2023-07-01,16192,15867,15921
2023-07-02,16200,15868,16200
2023-07-03,16394,16200,16356
2023-07-04,16360,16261,16330
2023-07-05,16420,16281,16353
2023-07-06,16414,16322,16400
2023-07-07,16499,16402,16482
2023-07-08,16625,16432,16605
2023-07-09,16597,16410,16465
2023-07-10,16500,16318,16409
2023-07-11,16501,16331,16385
2023-07-12,16438,16285,16322
2023-07-13,16357,16252,16284
2023-07-14,16360,16275,16340
2023-07-15,16467,16285,16424
2023-07-16,16484,16410,16484
2023-07-17,16426,16178,16195
2023-07-18,16268,16014,16018
2023-07-19,16127,15903,16077
2023-07-20,16234,16086,16228
2023-07-21,16299,16124,16188
2023-07-22,16315,15988,15997
2023-07-23,16111,15941,16016
2023-07-24,16400,16127,16348
2023-07-25,16431,16065,16183
2023-07-26,16298,15885,15993
2023-07-27,16343,15921,16228
2023-07-28,16772,16328,16586
2023-07-29,16467,16138,16202
2023-07-30,16324,16084,16243
2023-07-31,16198,16009,16139
2023-08-01,15964,15688,15902
2023-08-02,15698,15171,15300
2023-08-03,15450,15270,15418
2023-08-04,15695,15432,15589
2023-08-05,15963,15707,15768
2023-08-06,15861,15752,15800
2023-08-07,16008,15753,15953
2023-08-08,16071,15884,16004
2023-08-09,16274,16076,16218
2023-08-10,16258,16112,16137
2023-08-11,16309,16115,16288
2023-08-12,16399,16302,16360
2023-08-13,16406,16307,16307
2023-08-14,16442,16304,16427
2023-08-15,16473,16358,16425
2023-08-16,16470,16362,16399
2023-08-17,16475,16381,16404
2023-08-18,16455,16328,16438
2023-08-19,16438,16316,16405
2023-08-20,16400,16311,16395
2023-08-21,16377,16230,16325
2023-08-22,16493,16366,16395
2023-08-23,16536,16316,16497
2023-08-24,16634,16487,16621
2023-08-25,16616,16286,16594
2023-08-26,16638,16444,16540
2023-08-27,16589,16219,16475
2023-08-28,16845,16486,16828
2023-08-29,16877,16723,16767
2023-08-30,16920,16740,16849
2023-08-31,17059,16846,17037
2023-09-01,17138,16970,17078
2023-09-02,17300,17048,17058
2023-09-03,17354,17149,17215
2023-09-04,17348,17123,17287
2023-09-05,17262,16959,17062
2023-09-06,17087,16750,16846
2023-09-07,17015,16824,16889
2023-09-08,16985,16831,16910
2023-09-09,17090,16922,17038
2023-09-10,17052,16782,16950
2023-09-11,17277,16865,17224
2023-09-12,17215,16944,16992
2023-09-13,17064,16831,16886
2023-09-14,17141,16653,17050
2023-09-15,17119,16946,17044
2023-09-16,17140,16932,17059
2023-09-17,17115,16938,17016
2023-09-18,16869,16707,16826
2023-09-19,16867,16751,16799
2023-09-20,16840,16751,16775
2023-09-21,16750,16590,16718
2023-09-22,16847,16700,16750
2023-09-23,16989,16782,16893
2023-09-24,16958,16650,16656
2023-09-25,16710,16571,16609
2023-09-26,16589,16413,16505
2023-09-27,16558,16427,16475
2023-09-28,16524,16361,16369
2023-09-29,16485,16326,16434
2023-09-30,16596,16476,16484
2023-10-01,16484,16287,16318
2023-10-02,16446,16273,16317
2023-10-03,16457,16365,16412
2023-10-04,16341,16152,16233
2023-10-05,16363,16178,16267
2023-10-06,16510,16358,16444
2023-10-07,16561,16359,16502
2023-10-08,16675,16400,16622
2023-10-09,16681,16510,16568
2023-10-10,16673,16380,16612
2023-10-11,16594,16457,16507
2023-10-12,16824,16521,16762
2023-10-13,17070,16801,17001
2023-10-14,17086,16982,17054
2023-10-15,17245,17075,17155
2023-10-16,17465,17149,17454
2023-10-17,17543,17352,17543
2023-10-18,17777,17509,17771
2023-10-19,17727,17612,17648
2023-10-20,17649,17501,17649
2023-10-21,17615,17461,17499
2023-10-22,17537,17389,17405
2023-10-23,17632,17400,17432
2023-10-24,17610,17384,17423
2023-10-25,17594,17407,17554
2023-10-26,17646,17358,17528
2023-10-27,18521,17865,18521
2023-10-28,18442,18300,18365
2023-10-29,18550,18290,18490
2023-10-30,18563,18426,18518
2023-10-31,18496,18328,18370
2023-11-01,18405,18265,18293
2023-11-02,18291,18093,18135
2023-11-03,18327,18088,18180
2023-11-04,18343,17973,18185
2023-11-05,18369,17844,18075
2023-11-06,18229,17786,17805
2023-11-07,17923,17541,17883
2023-11-08,17792,17118,17148
2023-11-09,17422,16652,17298
2023-11-10,17261,16600,16622
2023-11-11,17105,16200,17061
2023-11-12,16923,16185,16254
2023-11-13,16877,16294,16673
2023-11-14,16938,16583,16820
2023-11-15,17400,17039,17299
2023-11-16,17219,16900,17124
2023-11-17,17299,16989,17148
2023-11-18,16646,16016,16383
2023-11-19,16394,15713,15754
2023-11-20,16168,15762,15898
2023-11-21,16459,15953,16432
2023-11-22,16683,16335,16676
2023-11-23,16853,16485,16558
2023-11-24,16933,16328,16914
2023-11-25,17272,17036,17262
2023-11-26,17351,17088,17251
2023-11-27,17372,17071,17191
2023-11-28,17368,17012,17033
2023-11-29,16893,16600,16698
2023-11-30,16555,16220,16511
2023-12-01,16790,16616,16731
2023-12-02,16958,16510,16525
2023-12-03,16519,16081,16137
2023-12-04,16244,15876,16242
2023-12-05,16392,16154,16343
2023-12-06,16966,16199,16724
2023-12-07,17016,16723,17009
2023-12-08,17299,16974,17299
2023-12-09,17387,16943,17313
2023-12-10,17743,17270,17472
2023-12-11,17767,17262,17302
2023-12-12,16997,16650,16862
2023-12-13,16954,16576,16934
2023-12-14,17470,16986,17451
2023-12-15,17962,17643,17771
2023-12-16,18075,17708,17755
2023-12-17,18091,17553,17917
2023-12-18,17827,17475,17487
2023-12-19,17792,17304,17329
2023-12-20,17507,16888,17474
2023-12-21,17730,17268,17685
2023-12-22,18199,17566,18169
2023-12-23,18372,18164,18239
2023-12-24,18663,18290,18662
2023-12-25,18600,18411,18500
2023-12-26,18800,18565,18612
2023-12-27,18750,18450,18682
2023-12-28,19053,18773,19053
2023-12-29,19016,18590,18659
2023-12-30,17938,17625,17890
2023-12-31,17981,17701,17739
2024-01-01,17924,17617,17725
2024-01-02,18167,17875,18163
2024-01-03,18339,18062,18225
2024-01-04,18297,18001,18036
2024-01-05,18228,17903,18197
2024-01-06,18700,18318,18634
2024-01-07,18807,18528,18745
2024-01-08,18691,18463,18463
2024-01-09,18326,18074,18135
2024-01-10,18525,18303,18392
2024-01-11,18778,18402,18730
2024-01-12,18714,18474,18638
2024-01-13,18773,18475,18732
2024-01-14,18788,18551,18725
2024-01-15,18524,18116,18224
2024-01-16,18477,18187,18335
2024-01-17,18783,18514,18738
2024-01-18,18984,18685,18735
2024-01-19,18997,18564,18875
2024-01-20,18990,18630,18662
2024-01-21,18883,18339,18573
2024-01-22,18697,18466,18524
2024-01-23,18396,18000,18148
2024-01-24,18298,18029,18131
2024-01-25,18149,17752,17795
2024-01-26,17956,17706,17706
2024-01-27,18293,18067,18221
2024-01-28,18331,18084,18094
2024-01-29,18835,18421,18800
2024-01-30,18999,18677,18945
2024-01-31,19133,18945,18966
2024-02-01,19361,19038,19084
2024-02-02,19353,19032,19294
2024-02-03,19490,19128,19405
2024-02-04,19380,19107,19158
2024-02-05,19487,19240,19456
2024-02-06,19390,19122,19218
2024-02-07,19430,19064,19115
2024-02-08,19028,18800,18872
2024-02-09,19120,18689,18748
2024-02-10,18801,18191,18357
2024-02-11,18469,18225,18289
2024-02-12,18733,18476,18724
2024-02-13,18350,17904,18147
2024-02-14,18280,18100,18204
2024-02-15,18485,18189,18475
2024-02-16,18585,18439,18495
2024-02-17,18540,18334,18399
2024-02-18,18623,18401,18618
2024-02-19,18648,18385,18388
2024-02-20,18871,18600,18630
2024-02-21,18633,18494,18554
2024-02-22,18503,18310,18466
2024-02-23,18448,18231,18254
2024-02-24,18227,18027,18159
2024-02-25,18372,18120,18131
2024-02-26,18281,18050,18232
2024-02-27,18191,17838,18055
2024-02-28,17961,17735,17916
2024-02-29,18200,17932,18000
2024-03-01,18160,17950,18107
2024-03-02,18236,18035,18052
2024-03-03,18897,18475,18852
2024-03-04,19052,18767,18998
2024-03-05,19230,18852,19193
2024-03-06,19224,18961,19173
2024-03-07,19279,19047,19098
2024-03-08,19177,18981,19046
2024-03-09,19273,18822,19250
2024-03-10,19310,19100,19260
2024-03-11,19481,19241,19262
2024-03-12,19333,19133,19153
2024-03-13,19413,19254,19364
2024-03-14,19376,19200,19282
2024-03-15,19414,19197,19335
2024-03-16,19358,19173,19295
2024-03-17,19446,19255,19313
2024-03-18,19243,19128,19242
2024-03-19,19369,19174,19262
2024-03-20,19260,19083,19222
2024-03-21,19344,19126,19225
2024-03-22,19325,19200,19302
2024-03-23,19386,19230,19342
2024-03-24,19424,19246,19339
2024-03-25,19474,19275,19387
2024-03-26,19923,19328,19761
2024-03-27,19856,19661,19776
2024-03-28,19871,19610,19753
2024-03-29,19896,19743,19798
2024-03-30,19917,19645,19673
2024-03-31,19847,19693,19753
2024-04-01,19889,19706,19881
2024-04-02,20119,19830,20066
2024-04-03,19964,19681,19726
2024-04-04,19857,19731,19777
2024-04-05,19999,19865,19981
2024-04-06,20110,19972,20062
2024-04-07,20157,20023,20100
2024-04-08,20390,20161,20378
2024-04-09,20515,20364,20472
2024-04-10,20618,20474,20600
2024-04-11,20752,20601,20601
2024-04-12,20653,20450,20572
2024-04-13,20500,20370,20425
2024-04-14,20577,20430,20469
2024-04-15,20599,20396,20549
2024-04-16,20596,20456,20548
2024-04-17,20792,20632,20777
2024-04-18,20866,20700,20718
2024-04-19,20869,20627,20729
2024-04-20,20850,20602,20827
2024-04-21,20912,20801,20865
2024-04-22,20969,20809,20947
2024-04-23,21069,20854,20950
2024-04-24,20698,20519,20605
2024-04-25,20568,20446,20547
2024-04-26,20617,20337,20494
2024-04-27,20574,20217,20233
2024-04-28,20432,20246,20258
2024-04-29,20556,20235,20532
2024-04-30,20465,20280,20280
2024-05-01,20597,20272,20272
2024-05-02,20764,20415,20745
2024-05-03,20407,20000,20013
2024-05-04,20126,19752,19951
2024-05-05,20012,19909,19960
2024-05-06,19910,19679,19862
2024-05-07,20248,19887,20000
2024-05-08,20369,20180,20357
2024-05-09,20621,20340,20558
2024-05-10,20817,20591,20681
2024-05-11,20796,20632,20708
2024-05-12,20893,20671,20800
2024-05-13,20827,20691,20806
2024-05-14,20892,20655,20724
2024-05-15,20711,20440,20499
2024-05-16,20477,20290,20375
2024-05-17,20306,19972,20148
2024-05-18,20300,19906,20123
2024-05-19,20325,20002,20060
2024-05-20,20212,19995,20117
2024-05-21,20071,19856,19944
2024-05-22,20147,19876,19904
2024-05-23,20135,19818,19973
2024-05-24,20079,19764,19789
2024-05-25,19878,19516,19588
2024-05-26,19793,19463,19776
2024-05-27,19826,19606,19682
2024-05-28,19649,19320,19612
2024-05-29,19628,19400,19609
2024-05-30,19600,19400,19430
2024-05-31,19808,19522,19646
2024-06-01,19547,19377,19453
2024-06-02,19493,19200,19290
2024-06-03,19172,18860,18908
2024-06-04,18938,18700,18854
2024-06-05,18985,18756,18920
2024-06-06,19400,19002,19399
2024-06-07,19583,19394,19444
2024-06-08,19514,19270,19514
2024-06-09,19670,19237,19251
2024-06-10,19467,19214,19455
2024-06-11,19519,19234,19310
2024-06-12,19583,19274,19510
2024-06-13,19927,19540,19910
2024-06-14,19964,19717,19829
2024-06-15,19999,19880,19893
2024-06-16,19974,19750,19878
2024-06-17,19945,19319,19339
2024-06-18,19488,19322,19370
2024-06-19,19339,19168,19286
2024-06-20,19368,19075,19195
2024-06-21,19370,19090,19300
2024-06-22,19208,18890,19140
2024-06-23,19581,19241,19558
2024-06-24,19720,19485,19583
2024-06-25,19634,19491,19593
2024-06-26,19685,19363,19529
2024-06-27,19394,18974,19141
2024-06-28,19100,18805,18967
2024-06-29,19114,18560,18626
2024-06-30,18736,18351,18525
2024-07-01,18439,18185,18309
2024-07-02,18633,18303,18601
2024-07-03,18610,18458,18479
2024-07-04,18629,18320,18365
2024-07-05,18859,18355,18825
2024-07-06,19685,19297,19534
2024-07-07,19490,19217,19245
2024-07-08,19130,18820,19083
2024-07-09,19132,18856,19034
2024-07-10,19277,18932,19108
2024-07-11,19495,19257,19395
2024-07-12,19741,19395,19639
2024-07-13,19784,19592,19668
2024-07-14,19758,19588,19598
2024-07-15,19785,19472,19518
2024-07-16,19660,19302,19445
2024-07-17,19895,19616,19852
2024-07-18,19994,19852,19876
2024-07-19,20088,19880,19993
2024-07-20,19969,19816,19903
2024-07-21,19946,19789,19842
2024-07-22,19937,19724,19929
2024-07-23,19998,19779,19901
2024-07-24,19933,19772,19829
2024-07-25,19933,19792,19840
2024-07-26,20132,19812,20084
2024-07-27,20200,20066,20122
2024-07-28,20113,20003,20050
2024-07-29,20100,19837,19865
2024-07-30,19865,19690,19725
2024-07-31,19737,19544,19570
2024-08-01,19811,19420,19777
2024-08-02,19830,19561,19569
2024-08-03,19611,19450,19487
2024-08-04,19604,19490,19508
2024-08-05,19547,19318,19337
2024-08-06,19595,19346,19485
2024-08-07,19717,19325,19454
2024-08-08,19585,19389,19504
2024-08-09,19946,19611,19910
2024-08-10,19950,19808,19950
2024-08-11,20182,19873,20095
2024-08-12,20346,20051,20327
2024-08-13,20465,20296,20377
2024-08-14,20681,20346,20636
2024-08-15,20765,20605,20681
2024-08-16,20799,20555,20715
2024-08-17,20788,20648,20707
2024-08-18,20757,20601,20643
2024-08-19,20699,20530,20618
2024-08-20,20794,20592,20598
2024-08-21,20606,20490,20529
2024-08-22,20732,20495,20498
2024-08-23,20598,20390,20400
2024-08-24,20690,20414,20591
2024-08-25,20832,20531,20745
2024-08-26,21175,20794,21047
2024-08-27,21147,20850,20984
2024-08-28,21130,20930,21051
2024-08-29,21097,20853,21039
2024-08-30,21179,21006,21059
2024-08-31,21064,20921,20982
2024-09-01,21074,20770,20799
2024-09-02,20823,20505,20582
2024-09-03,20727,20563,20576
2024-09-04,20796,20556,20780
2024-09-05,20940,20782,20893
2024-09-06,21100,20947,21100
2024-09-07,20341,19855,20063
2024-09-08,20014,19407,19496
2024-09-09,19608,19318,19336
2024-09-10,19468,19244,19440
2024-09-11,19400,19094,19125
2024-09-12,19329,19056,19072
2024-09-13,19244,19071,19160
2024-09-14,19387,19147,19327
2024-09-15,19641,19363,19453
2024-09-16,19789,19455,19715
2024-09-17,19800,19329,19343
2024-09-18,19497,19201,19414
2024-09-19,19675,19468,19507
2024-09-20,19368,19116,19116
2024-09-21,19181,19009,19010
2024-09-22,19164,18888,18964
2024-09-23,19077,18741,18925
2024-09-24,19088,18825,18832
2024-09-25,18927,18528,18551
2024-09-26,18720,18478,18585
2024-09-27,18756,18510,18694
2024-09-28,19039,18830,19035
2024-09-29,19011,18825,18920
2024-09-30,19089,18895,19029
2024-10-01,19349,19080,19349
2024-10-02,19337,19177,19288
2024-10-03,19305,19100,19123
2024-10-04,19204,18927,19198
2024-10-05,19290,19020,19153
2024-10-06,19200,18950,19007
2024-10-07,19130,18836,18948
2024-10-08,19075,18902,18936
2024-10-09,18946,18694,18865
2024-10-10,19018,18841,18970
2024-10-11,19220,19011,19195
2024-10-12,19354,19165,19262
2024-10-13,19480,19315,19420
2024-10-14,19475,19246,19295
2024-10-15,19305,19137,19199
2024-10-16,19340,19126,19176
2024-10-17,19391,19176,19362
2024-10-18,19592,19384,19569
2024-10-19,19645,19500,19508
2024-10-20,19495,19316,19477
2024-10-21,19450,19157,19342
2024-10-22,19383,19202,19240
2024-10-23,19353,19095,19195
2024-10-24,19328,19070,19271
2024-10-25,19222,18983,18983
2024-10-26,19168,18884,19155
2024-10-27,19635,19380,19635
2024-10-28,19629,19444,19527
2024-10-29,19446,19278,19399
2024-10-30,19378,19234,19314
2024-10-31,19330,19160,19287
2024-11-01,19349,19165,19232
2024-11-02,19296,19128,19288
2024-11-03,19500,19290,19445
2024-11-04,19328,19175,19262
2024-11-05,19273,19039,19250
2024-11-06,19318,19135,19259
2024-11-07,19446,19324,19365
2024-11-08,19500,19380,19447
2024-11-09,19608,19401,19608
2024-11-10,20858,20336,20472
2024-11-11,20506,20308,20442
2024-11-12,20518,20413,20497
2024-11-13,20622,20429,20493
2024-11-14,20573,20364,20390
2024-11-15,20488,20319,20352
2024-11-16,20447,20296,20307
2024-11-17,20535,20384,20518
2024-11-18,20502,20357,20379
2024-11-19,20475,20251,20279
2024-11-20,20129,19956,20102
2024-11-21,20091,19868,19974
2024-11-22,20209,19968,20168
2024-11-23,20195,19975,20016
2024-11-24,20074,19902,20004
2024-11-25,20095,19957,20009
2024-11-26,20032,19926,19965
2024-11-27,20125,19982,20098
2024-11-28,20189,20022,20032
2024-11-29,20172,19886,19931
2024-11-30,19907,19811,19833
2024-12-01,20109,19884,20109
2024-12-02,20249,19751,19751
2024-12-03,19990,19784,19914
2024-12-04,20275,19860,20233
2024-12-05,20312,20079,20083
2024-12-06,20294,19936,20291
2024-12-07,20519,20255,20519
2024-12-08,20770,20569,20653
2024-12-09,20849,20666,20838
2024-12-10,20960,20824,20942
2024-12-11,21074,20943,21038
2024-12-12,21020,20904,21008
2024-12-13,21073,20909,21055
2024-12-14,21236,20977,21206
2024-12-15,21586,21215,21580
2024-12-16,21590,21341,21492
2024-12-17,21450,21264,21321
2024-12-18,21512,21183,21344
2024-12-19,21582,21430,21506
2024-12-20,21300,21011,21226
2024-12-21,21317,21162,21208
2024-12-22,21281,21005,21074
2024-12-23,21250,21150,21236
2024-12-24,21216,21010,21089
2024-12-25,21344,20974,21330
2024-12-26,21350,21125,21238
2024-12-27,21471,21157,21436
2024-12-28,21489,21263,21266
2024-12-29,21293,21004,21131
2024-12-30,20984,20634,20941
2024-12-31,20932,20733,20932
2025-01-01,21000,20861,20922
2025-01-02,21251,21047,21200
2025-01-03,21309,21085,21292
2025-01-04,21149,20978,21138
2025-01-05,21169,20926,20926
2025-01-06,21200,20920,21200
2025-01-07,21109,20950,20967
2025-01-08,21025,20615,20715
2025-01-09,19650,18976,19000
2025-01-10,19138,18768,18783
2025-01-11,19256,18861,19161
2025-01-12,19250,19109,19171
2025-01-13,19517,19232,19395
2025-01-14,19471,19325,19431
2025-01-15,19968,19465,19915
2025-01-16,20259,19735,20254
2025-01-17,20217,19920,19963
2025-01-18,20243,19975,20239
2025-01-19,20532,20375,20451
2025-01-20,20399,20152,20278
2025-01-21,20373,20165,20363
2025-01-22,20485,20251,20482
2025-01-23,20500,20272,20324
2025-01-24,20453,20282,20447
2025-01-25,20447,20222,20247
2025-01-26,20367,20208,20321
2025-01-27,20368,20204,20332
2025-01-28,20659,20400,20469
2025-01-29,20950,20499,20844
2025-01-30,20915,20742,20760
2025-01-31,20948,20700,20865
2025-02-01,21015,20612,20699
2025-02-02,20861,20513,20616
2025-02-03,20643,20442,20572
2025-02-04,20859,20716,20778
2025-02-05,20842,20604,20792
2025-02-06,21099,20697,20936
2025-02-07,21198,20802,20802
2025-02-08,21005,20733,20895
2025-02-09,20900,20508,20619
2025-02-10,20629,20240,20274
2025-02-11,20420,20147,20380
2025-02-12,20635,20411,20635
2025-02-13,20698,20490,20502
2025-02-14,20595,20251,20398
2025-02-15,20523,20051,20120
2025-02-16,20440,20034,20377
2025-02-17,20474,20181,20220
2025-02-18,20517,20255,20304
2025-02-19,20609,20287,20487
2025-02-20,20503,20193,20194
2025-02-21,20170,19728,19735
2025-02-22,19852,19354,19546
2025-02-23,19491,19134,19354
2025-02-24,19559,19315,19498
2025-02-25,19623,19450,19486
2025-02-26,19690,19529,19565
2025-02-27,19266,18841,19111
2025-02-28,19380,19112,19128
2025-03-01,19323,19026,19150
2025-03-02,19422,19051,19325
2025-03-03,19516,19235,19493
2025-03-04,19578,19461,19498
2025-03-05,19280,19078,19130
2025-03-06,19343,19127,19225
2025-03-07,19411,19261,19280
2025-03-08,19370,19159,19207
2025-03-09,19489,19168,19400
2025-03-10,19458,19268,19385
2025-03-11,19489,19303,19455
2025-03-12,20094,19599,19799
2025-03-13,19799,19324,19354
2025-03-14,19579,19328,19409
2025-03-15,19643,19410,19498
2025-03-16,19730,19586,19661
2025-03-17,19783,19566,19722
2025-03-18,19737,19500,19735
2025-03-19,19719,19553,19621
2025-03-20,19783,19581,19601
2025-03-21,19691,19449,19504
2025-03-22,19717,19541,19581
2025-03-23,19550,19322,19516
2025-03-24,19588,19435,19550
2025-03-25,19251,19027,19099
2025-03-26,18993,18805,18856
2025-03-27,18987,18679,18793
2025-03-28,18916,18700,18782
2025-03-29,18956,18689,18909
2025-03-30,18999,18756,18842
2025-03-31,18893,18730,18753
2025-04-01,18700,18545,18579
2025-04-02,18646,18534,18534
2025-04-03,18650,18398,18423
2025-04-04,18563,18317,18456
2025-04-05,18657,18428,18486
2025-04-06,18625,18425,18519
2025-04-07,18574,18457,18542
2025-04-08,18700,18468,18474
2025-04-09,18450,18257,18274
2025-04-10,18347,18110,18216
2025-04-11,18370,18144,18264
2025-04-12,18299,18151,18227
2025-04-13,18432,18251,18396
2025-04-14,18419,18231,18313
2025-04-15,18500,18307,18415
2025-04-16,18499,18265,18303
2025-04-17,18549,18331,18498
2025-04-18,18765,18637,18660
2025-04-19,19087,18682,19070
2025-04-20,19132,18985,19073
2025-04-21,19310,19100,19217
2025-04-22,19481,19261,19315
2025-04-23,19415,19183,19216
2025-04-24,19489,19200,19442
2025-04-25,19489,19322,19339
2025-04-26,19443,19002,19002
2025-04-27,19241,18933,19099
2025-04-28,19156,18966,18997
2025-04-29,19062,18850,18947
2025-04-30,19176,18946,19022
2025-05-01,18894,18645,18692
2025-05-02,18674,18434,18518
2025-05-03,18665,18465,18638
2025-05-04,18631,18441,18496
2025-05-05,18496,18300,18386
2025-05-06,18513,18358,18410
2025-05-07,18331,18185,18201
2025-05-08,18199,17871,17872
2025-05-09,18167,17910,18132
2025-05-10,18477,18236,18477
2025-05-11,18623,18412,18616
2025-05-12,18699,18442,18697
2025-05-13,18594,18422,18466
